{"sections":{"image_banner":{"type":"image-banner","blocks":{"heading":{"type":"heading","settings":{"heading":"Astound Commerce","heading_size":"h0"}},"text":{"type":"text","settings":{"text":"Shopify FE Home Task","text_style":"body"}},"button":{"type":"buttons","settings":{"button_label_1":"Shop all","button_link_1":"shopify:\/\/collections\/all","button_style_secondary_1":true,"button_label_2":"","button_link_2":"","button_style_secondary_2":false}}},"block_order":["heading","text","button"],"settings":{"image":"shopify:\/\/shop_images\/solutions_gradient3-scaled_1.webp","image_overlay_opacity":40,"image_height":"large","adapt_height_first_image":false,"desktop_content_position":"bottom-center","show_text_box":false,"desktop_content_alignment":"center","color_scheme":"background-1","mobile_content_alignment":"center","stack_images_on_mobile":false,"show_text_below":false}},"rich_text":{"type":"rich-text","blocks":{"heading":{"type":"heading","settings":{"heading":"<p>Shopify Front End Task<\/p>","heading_size":"h1"}},"text":{"type":"text","settings":{"text":"<p>Please add your created Section below<\/p>"}}},"block_order":["heading","text"],"settings":{"desktop_content_position":"center","content_alignment":"center","color_scheme":"background-1","full_width":true,"padding_top":40,"padding_bottom":0}}},"order":["image_banner","rich_text"]}